,name,time,tweet
0,The Cyber Security News,2023-01-06 09:42:54+00:00,Ransomware Disruption at The Guardian to Last at Least a Month #security #cybersecurity #hack #it-security https://t.co/rHL7aVTBtT
1,Jorge Casta√±eda,2023-01-06 09:42:41+00:00,Rackspace Confirms Play Ransomware Gang Responsible for Recent Breach https://t.co/mYHZ8ODEPH
2,Infotech Consulting,2023-01-06 09:42:37+00:00,"Rackspace blames ransomware woes on zero-day attack: Play gang blamed, ProxyNotShell cleared and hosted Exchange do‚Ä¶ https://t.co/3LHTbHyKPg"
3,FalconFeedsio,2023-01-06 09:42:26+00:00,"ALPHV #ransomware group added Buffco Production, Inc., a privately held Oil and Gas exploration &amp; production compan‚Ä¶ https://t.co/QZQ9QWvDuc"
4,steve_.cyber07,2023-01-06 09:42:18+00:00,"I'm always available 24/7
#hacked #icloud #imessage #facebookdown #ransomware #snapchat #discord #havking‚Ä¶ https://t.co/D6wI6IATh8"
5,bebrain hack,2023-01-06 09:40:49+00:00,"Lost Email, Instagram and Twitter?
Dm for quick recovery.
Available 24/7....
#gmailhack
#gmaildown #hacked #Hacking‚Ä¶ https://t.co/tXjUwBYgb3"
6,Infosec Alevski üíªüïµÔ∏è‚Äç‚ôÇÔ∏è,2023-01-06 09:40:38+00:00,Rackspace Confirms Play Ransomware Gang Responsible for Recent Breach: https://t.co/Fh6qd3lm6E by The Hacker News‚Ä¶ https://t.co/IhsW9BadQJ
7,BreachAware ¬Æ,2023-01-06 09:40:25+00:00,@Rackspace are discontinuing their email service due to #ransomware attack and migrating to cloud based @Microsoft‚Ä¶ https://t.co/LhAD7ZGCRb
8,CORE.TEC,2023-01-06 09:38:16+00:00,Inbox now for help and guide on how to recover your account with immediate effect. #haked #icloud #facebookdown‚Ä¶ https://t.co/XT1D64Nbm2
9,Craig Pateman,2023-01-06 09:38:03+00:00,What to Do When Ransomware Strikes https://t.co/JMsyuRbhRG @smallbiztrends
10,CORE.TEC,2023-01-06 09:37:58+00:00,#facebookdown #imessage #ransomware #snapchat #snapchatsupport #snapchatleak #hacking #discord #xboxseriesx‚Ä¶ https://t.co/DB4ARPcTPU
11,Marik Brestovisky,2023-01-06 09:36:25+00:00,Rackspace Confirms Play Ransomware Gang Responsible for Recent Breach https://t.co/0x70BaDCLf https://t.co/C45wmp04oH
12,Cybersecurity Alerts,2023-01-06 09:36:16+00:00,Retreat Behavioral Health addiction treatment centers hit by ransomware earlier this year https://t.co/FYal7Iq3Nd #Cybersecurity
13,Securityblog,2023-01-06 09:36:12+00:00,Healthcare Ransomware Attacks More Than Doubled Over Past 5 Years https://t.co/7juo8thHJy
14,Shah Sheikh,2023-01-06 09:36:03+00:00,Ransomware Disruption at The Guardian to Last at Least a Month: Famed newspaper was hit at the end of December https://t.co/oAvKgVQvc3
15,The Cyber Security Hub‚Ñ¢,2023-01-06 09:36:02+00:00,Ransomware Disruption at The Guardian to Last at Least a Month https://t.co/LqhLQmtQnC
16,CyberIQs,2023-01-06 09:35:53+00:00,Rackspace Confirms Play Ransomware Gang Responsible for Recent Breach #infosec #infosecurity #cybersecurity‚Ä¶ https://t.co/WKUzW1BMpE
17,SK,2023-01-06 09:35:41+00:00,Rackspace Confirms Play Ransomware Gang Responsible for Recent Breach https://t.co/SHGlcoftm1 #cyber  #awareness‚Ä¶ https://t.co/imIApiIuaM
18,Securityblog,2023-01-06 09:34:57+00:00,Software provider denied insurance payout after ransomware attack https://t.co/Ay6J75xSLa
19,CORE.TEC,2023-01-06 09:34:56+00:00,"Have exclusive Hacking jobs?
DM and Ask for my service.
#hacked #icloud #facebookdown #imessage #ransomware‚Ä¶ https://t.co/xslIauvW2M"
20,CORE.TEC,2023-01-06 09:34:45+00:00,"Inbox now for help and guide on how to recover lost accounts.
#hacked #icloud #facebookdown #imessage #ransomware‚Ä¶ https://t.co/VUQ2Z4JTsn"
21,Securityblog,2023-01-06 09:34:28+00:00,Rackspace Sunsets Email Service Downed in Ransomware Attack https://t.co/uDMuPTMHrQ
22,CORE.TEC,2023-01-06 09:34:25+00:00,"Inbox now for all account recovery services,Lost or suspended
Inbox now let's get it done.
#hacked #icloud‚Ä¶ https://t.co/7VpXaJ3JGy"
23,Cyberfeed.io,2023-01-06 09:34:20+00:00,Rackspace Has Fallen Victim to Ransomware: Here‚Äôs What You Need to Know https://t.co/3dADGaZkqa #cybersec #security #infosec #cybersecurity
24,Safe Space One,2023-01-06 09:33:23+00:00,Healthcare suffers #ransomware double extortion (threat to not only not return data but to expose it) more than oth‚Ä¶ https://t.co/7TbJ0WDW86
25,KeoXes,2023-01-06 09:33:09+00:00,Rackspace Confirms Play Ransomware Gang Responsible for Recent Breach: https://t.co/5RLYnVuViI #follow &amp; #RT #cybersecurity #infosec
26,CORE.TEC,2023-01-06 09:32:39+00:00,"We have helped alot of people Recover their lost/ Hacked Account and Wallets etc
Inbox Us, if you need our Hacking‚Ä¶ https://t.co/z6LUgQzLfT"
27,CORE.TEC,2023-01-06 09:31:09+00:00,"Offering the best recovery services.
All social media accounts hacking, Infiltration, and recovery.‚Ä¶ https://t.co/TCtbm5ft1F"
28,Dr. Paul de Souza,2023-01-06 09:30:30+00:00,Attacks and Breaches Rackspace Sunsets Email Service Downed in Ransomware Attack https://t.co/52lsZx4Jka
29,FINSIN,2023-01-06 09:30:12+00:00,"""The Hacker News"": Rackspace Confirms Play Ransomware Gang Responsible for Recent Breach ... mas info aqui‚Ä¶ https://t.co/TOFAjcWR6E"
30,Dan,2023-01-06 09:30:04+00:00,Rackspace Confirms Play Ransomware Gang Responsible for Recent Breach https://t.co/qSzGEhPY37 info@thehackernews.com (The Hacker News)
31,Infosecurity Magazine,2023-01-06 09:30:03+00:00,Ransomware Disruption at The Guardian to Last at Least a Month https://t.co/zyeYinPA3m
32,TechNative,2023-01-06 09:30:01+00:00,"Building resilience to cyber-attacks ‚Äì before it‚Äôs too late 

#infosec #cyberthreats #cyberattacks #leaders #CISO‚Ä¶ https://t.co/gK49ByIVOC"
33,jeanson_hack583,2023-01-06 09:29:32+00:00,"We are available 24/7
 inbox and smile again
 #Hacked #facebookdown #whatspp #hackedinstagram #twitterdown‚Ä¶ https://t.co/cuJUKEGPHn"
34,Jim Rigney,2023-01-06 09:29:06+00:00,Rackspace Confirms Play Ransomware Gang Responsible for Recent Breach https://t.co/CfpgGsEJ6s https://t.co/Rmpnp8cU15
35,CS Threat Intel,2023-01-06 09:29:06+00:00,Rackspace Confirms Play Ransomware Gang Responsible for Recent Breach: Cloud services provider Rackspace on Thursda‚Ä¶ https://t.co/EBHsLWCzId
36,Shah Sheikh,2023-01-06 09:29:06+00:00,Rackspace Confirms Play Ransomware Gang Responsible for Recent Breach: Cloud services provider Rackspace on Thursda‚Ä¶ https://t.co/KMqynBTUHE
37,Jim Bourke,2023-01-06 09:29:04+00:00,Rackspace Confirms Play Ransomware Gang Responsible for Recent Breach https://t.co/ZVjiWAtjyU
38,ANONYMOUS HACKS üíØüíØ,2023-01-06 09:28:40+00:00,"DM for all account retrievals. Recover locked/lost accounts with ease,#gmailhack #gmaildown #hacked #Hacking‚Ä¶ https://t.co/iONGZASTrY"
39,Talentxfactor,2023-01-06 09:28:21+00:00,Rackspace Confirms Play Ransomware Gang Responsible for Recent Breach https://t.co/bGmX8gtewA
40,TCDI,2023-01-06 09:28:07+00:00,Rackspace Confirms Play Ransomware Gang Responsible for Recent Breach https://t.co/cZfCPbLicp https://t.co/o9uxizqM5A
41,@TheDPSAdvisors,2023-01-06 09:28:06+00:00,Rackspace Confirms Play Ransomware Gang Responsible for Recent Breach https://t.co/ihPNW3KE86 https://t.co/kDe8YBckUS
42,EdiAcoo,2023-01-06 09:28:06+00:00,Rackspace Confirms Play Ransomware Gang Responsible for Recent Breach https://t.co/XSz8XbiotT via TheHackersNews https://t.co/YOrRy7m5rb
43,"Cyberologist - News on cybersecurity, privacy..",2023-01-06 09:28:04+00:00,Rackspace Confirms Play Ransomware Gang Responsible for Recent Breach https://t.co/Kjy1pzLlGK
44,ThreatIQ,2023-01-06 09:28:04+00:00,Rackspace Confirms Play Ransomware Gang Responsible for Recent Breach https://t.co/opkJ8IzuIF
45,The Cyber Security Hub‚Ñ¢,2023-01-06 09:28:04+00:00,Rackspace Confirms Play Ransomware Gang Responsible for Recent Breach https://t.co/qDFzcSVs6t
46,Geekphane,2023-01-06 09:28:02+00:00,#CyberSecurity #Security #News : Rackspace Confirms Play Ransomware Gang Responsible for Recent Breach https://t.co/M7Cs8AuoG3
47,Net Technical Solutions,2023-01-06 09:27:58+00:00,The Guardian #ransomware #cyberattack hits week two as staff told to work from home https://t.co/lIxjhmOa7G via‚Ä¶ https://t.co/YWptWmRt1k
48,Sergio Loureiro,2023-01-06 09:27:54+00:00,Bitdefender releases decryptor for MegaCortex ransomware after Swiss police raids https://t.co/4T8pGK6DdH
49,ü§ñ Sociability,2023-01-06 09:27:03+00:00,Rackspace Confirms Play Ransomware Gang Responsible for Recent Breach https://t.co/VanRp4PQej https://t.co/RhdeeXkRhU
50,Hacking Essentials,2023-01-06 09:27:00+00:00,US family planning non-profit MFHS says patient medical data stolen in ransomware attack https://t.co/IwceoV0RjD‚Ä¶ https://t.co/ETNIROEb5Y
51,mitnick crest,2023-01-06 09:26:57+00:00,"Have exclusive Hacking jobs?
DM and Ask for my service!!
#hacked #icloud #facebookdown #imessage #ransomware‚Ä¶ https://t.co/pr1rfdiwoB"
52,CyPro,2023-01-06 09:25:10+00:00,"In August, the U.S government shared an image of a suspected Conti ransomware operator known as ‚ÄúTarget,‚Äù the first‚Ä¶ https://t.co/IogH2gohdj"
53,Xc0re Security,2023-01-06 09:25:06+00:00,Rackspace Confirms Play Ransomware Gang Responsible for Recent Breach https://t.co/Co1nclkpji https://t.co/Uw2nEyOaj8
54,Support Data Group,2023-01-06 09:25:05+00:00,Rackspace Confirms Play Ransomware Gang Responsible for Recent Breach https://t.co/Cuw375tNmg
55,Adam,2023-01-06 09:25:01+00:00,Rackspace: Customer #email #data accessed in ransomware https://t.co/76UYjqNjlG
56,PeterMüåª,2023-01-06 09:24:43+00:00,"If you work in IR and deal with ransomware, enjoy the quietest day of the year today. Back to normal activity in a couple of days."
57,Cyberfeed.io,2023-01-06 09:24:20+00:00,Rackspace Confirms Play Ransomware Gang Responsible for Recent Breach https://t.co/F0zSqgzD67 #cybersec #security #infosec #cybersecurity
58,Swati Khandelwal,2023-01-06 09:23:00+00:00,Rackspace confirmed that the Play #ransomware gang was responsible for last month's breach. The attack used a zero-‚Ä¶ https://t.co/ni2z5xsmUr
59,Australian Real News,2023-01-06 09:21:33+00:00,"RT TheHackersNews ""Rackspace confirmed that the Play #ransomware gang was responsible for last month's breach. The‚Ä¶ https://t.co/MAWFaioSLB"
60,rebben,2023-01-06 09:20:28+00:00,Hospital for Sick Children in Toronto says most techniques again after ransomware assault - https://t.co/ZqeQ7faprq
61,ThreatMon Ransomware Monitoring,2023-01-06 09:20:27+00:00,"Actor : Vice Society 
Victim : LetMeRepair 
Date : 2023-01-06 12:19 

According to the #DarkWeb #Ransomware activit‚Ä¶ https://t.co/Q52nBS2Nl9"
62,"National Cyber Security Ventures, Corp.",2023-01-06 09:20:06+00:00,Slone Partners Cybersecurity Launches to Help High-Performing Organizations Secure Talented Cybersecurity Leaders a‚Ä¶ https://t.co/UlmR68L6uH
63,smart hacking,2023-01-06 09:19:29+00:00,"Have exclusive Hacking jobs?
DM and Ask for my service.
#hacked #icloud #facebookdown #imessage #ransomware‚Ä¶ https://t.co/mXTLKr7huK"
64,mitnick crest,2023-01-06 09:18:55+00:00,"Is mandatory password expiration helping or hurting your password security?
#DataSecurity #Privacy
#100DaysOfCode‚Ä¶ https://t.co/XBNFIH0ZPw"
65,G√ºnter Born,2023-01-06 09:18:31+00:00,New Bitdefender decryptor for MegaCortex ransomware (Jan. 2023) https://t.co/ewbdgsMjyJ #Decryptor #Ransomware‚Ä¶ https://t.co/J6Fl4Ub30d
66,Ann Bergin,2023-01-06 09:17:10+00:00,"Folks, this report of schools hit by a ransomware attack is an important #SEND story. What should be private inform‚Ä¶ https://t.co/F9bHgVSEld"
67,Iron Defense Security,2023-01-06 09:15:03+00:00,"üïµÔ∏è‚Äç‚ôÇÔ∏è Cyberattacks come in many forms, from ransomware to theft of personal information. The impact of an attack ca‚Ä¶ https://t.co/GncnW9kQzH"
68,"National Cyber Security Ventures, Corp.",2023-01-06 09:14:42+00:00,Rackspace Confirms Play Ransomware Gang Responsible for Recent Breach | #hacking | #cybersecurity | #infosec |‚Ä¶ https://t.co/d2DCmpuBif
69,DKEYS HACK,2023-01-06 09:11:34+00:00,"Hacking is way Easier when you contact the right hacker.
Inbox me now for all your hacking services 
I'm available‚Ä¶ https://t.co/OcFBZ0pzQo"
70,exetlos_gda,2023-01-06 09:11:07+00:00,"89 Colleges and School Districts, 25 Healthcare Organizations Impacted by Ransomware in 2022: The district has hire‚Ä¶ https://t.co/Fi3oOqIixW"
71,DKEYS HACK,2023-01-06 09:10:20+00:00,"Inbox now for help and guide on how to recover lost accounts
#hacked #icloud #facebookdown #imessage #ransomware‚Ä¶ https://t.co/QTg2l2nKSP"
72,CybersecInsider,2023-01-06 09:10:10+00:00,#Ransomwarettack on Wabtec leads to a data breach  https://t.co/VVrutwIUAE  #CyberSecurity #Technology
73,DKEYS HACK,2023-01-06 09:06:56+00:00,For #Hacked #Gmail recovery Dm now #Hackedgmail #CyberSecurity #hacker #infosec @reach2ratan #security #cyber #tech‚Ä¶ https://t.co/Fm2hy5KcH7
74,Hacker Ghost,2023-01-06 09:06:14+00:00,"Rackspace Confirms Play Ransomware Gang Responsible for Recent Breach
      
Detail:- https://t.co/lRyphFrEY9‚Ä¶ https://t.co/t2rCbBAyPG"
75,Manuel Bissey,2023-01-06 09:05:00+00:00,#Ransomware continues to be one of the most prevalent and impactful threats with attackers constantly evolving thei‚Ä¶ https://t.co/itlOOsTwld
76,howard tiersky,2023-01-06 09:02:52+00:00,"@evanderburg Informative and relevant article, Eric! Organizations can only do so much to reduce the likelihood of‚Ä¶ https://t.co/e3UFEBR00r"
77,IT news for all,2023-01-06 09:02:43+00:00,Rackspace confirmed that the Play ransomware gang was responsible for last month's breach. The attack used a zero-d‚Ä¶ https://t.co/XeLuVlBDGA
78,Dr. Joseph Frusci,2023-01-06 09:02:28+00:00,Rackspace confirmed that the Play #ransomware gang was responsible for last month's breach. The attack used a zero-‚Ä¶ https://t.co/xiNQSH5UYO
79,The Hacker News,2023-01-06 09:02:13+00:00,Rackspace confirmed that the Play #ransomware gang was responsible for last month's breach. The attack used a zero-‚Ä¶ https://t.co/LxGiVVSnO5
80,DKEYS HACK,2023-01-06 09:02:05+00:00,"For support and help, contact your favorite #Hacker fast and reliable. All social media
#CyberSecurity #hacker‚Ä¶ https://t.co/75srqgCX0z"
81,John Cosstick,2023-01-06 09:02:03+00:00,"Rackspace blames ransomware woes on zero-day attack: Play gang blamed, ProxyNotShell cleared and hosted Exchange do‚Ä¶ https://t.co/EvCe1jY29N"
82,Mictnick,2023-01-06 09:01:45+00:00,etichy hacking DM per tutti i problemi cyber. #hacked #icloud #facebookdown #imessage #ransomware #snapchat‚Ä¶ https://t.co/KusRga4QZp
83,IronCAP (UK),2023-01-06 09:01:36+00:00,"Jan 6, 2023 Try our end-to-end email/file #encryption &amp; #digitalsigning system for FREE! It utilizes the IronCAP‚Ñ¢‚Ä¶ https://t.co/2XI05icHoW"
84,DKEYS HACK,2023-01-06 08:58:38+00:00,"Have exclusive Hacking jobs?
DM and Ask for my service.
#hacked #icloud #facebookdown #imessage #ransomware‚Ä¶ https://t.co/FhZdc83PGr"
85,The latest Security News,2023-01-06 08:58:01+00:00,"https://t.co/HrwXGD7Yaw LockBit ransomware gang says sorry, gives free decryptor to
SickKids hospital #cybersecurity"
86,DKEYS HACK,2023-01-06 08:57:19+00:00,"Have a lost account you want to recover but don't know how?
Inbox now for guide on how to recover your account imme‚Ä¶ https://t.co/Ue0LB00ENQ"
87,fourtyfy_hacker,2023-01-06 08:54:58+00:00,"Have exclusive Hacking jobs?
DM and Ask for my service!!
#hacked #icloud #facebookdown #imessage #ransomware‚Ä¶ https://t.co/5I0oz5SAJV"
88,DKEYS HACK,2023-01-06 08:53:14+00:00,"Have a lost account you want to recover but don't know how?
Inbox now for guide on how to recover your account imme‚Ä¶ https://t.co/u3ItGZ0iJ1"
89,DKEYS HACK,2023-01-06 08:52:17+00:00,"You lost your account?
A good hacker is all you need.
DM now.
#hacked #icloud #facebookdown #imessage #ransomware‚Ä¶ https://t.co/mA19G2aMKK"
90,DKEYS HACK,2023-01-06 08:51:45+00:00,"Need a hacker to do the job?
Lost your account and need a recovery but don't know how?
Inbox now for help and guide‚Ä¶ https://t.co/f6UFdbhdC7"
91,DKEYS HACK,2023-01-06 08:50:38+00:00,"Offering the best recovery services.
All social media accounts hacking, Infiltration, and recovery.‚Ä¶ https://t.co/jibhlAkJ9m"
92,DKEYS HACK,2023-01-06 08:50:30+00:00,"Now inbox to get help and guide on how to recover lost account.
#hacked #icloud #facebookdown #imessage #ransomware‚Ä¶ https://t.co/lVrmQjPmCh"
93,DKEYS HACK,2023-01-06 08:49:27+00:00,"Have you had any hacker attempts on your device?
Now DM no risk safe solution„ÄÇ
#hacked #icloud #facebookdown‚Ä¶ https://t.co/UgzjZNyh2Y"
94,DKEYS HACK,2023-01-06 08:48:35+00:00,"_ Those jobs exclusive to Hacking?
 DM me my service.
 #hacked #icloud #facebookdown #imessage #ransomware‚Ä¶ https://t.co/SdgnMdaqu1"
95,DKEYS HACK,2023-01-06 08:47:21+00:00,"Have exclusive Hacking jobs?
DM and Ask for my service!!
#hacked #icloud #facebookdown #imessage #ransomware‚Ä¶ https://t.co/W45rpuNjhj"
96,DKEYS HACK,2023-01-06 08:46:04+00:00,"Inbox now for help and guide on how to recover lost accounts
#hacked #icloud #facebookdown #imessage #ransomware‚Ä¶ https://t.co/wGAF6uLwZY"
97,Marc Barbezat,2023-01-06 08:45:01+00:00,Play ransomware claims attack on Belgium city of Antwerp https://t.co/NqqGTDmbey https://t.co/Ky4qF78MJa
98,Patrick C Miller is on Mastodon,2023-01-06 08:45:00+00:00,Hackers Leverage Compromised Fortinet Devices to Distribute Ransomware https://t.co/NTrbZrpxo2
99,Nicolas Krassas,2023-01-06 08:44:23+00:00,Bitdefender releases free MegaCortex ransomware decryptor https://t.co/RjoxMos4QU
100,Nicolas Krassas,2023-01-06 08:44:12+00:00,Rackspace: Customer email data accessed in ransomware attack https://t.co/QUm1hdGbsR
101,"National Cyber Security Ventures, Corp.",2023-01-06 08:43:43+00:00,The Washington Center Launches Cybersecurity Accelerator Program to build Access and Equity for ‚Ä¶ | News | #hacking‚Ä¶ https://t.co/IAsUem2imY
102,Nicolas Krassas,2023-01-06 08:42:04+00:00,Software provider denied insurance payout after ransomware attack https://t.co/9jH7oQMzgY
103,James Gingerich @Expeflow #CES2023 #RPA #InsurTech,2023-01-06 08:40:30+00:00,#Cloud Computing Provider Rackspace Hit by #Ransomware Attack. (PC Magazine) #CloudComputing https://t.co/rCcOrFmaU8 https://t.co/416Hrg9y6V
104,CORE.TEC,2023-01-06 08:38:18+00:00,"DM and Ask for my servic.
#hacked #icloud #facebookdown #imessage #ransomware #snapchat #snapchatsupport‚Ä¶ https://t.co/BVZ9c39xKG"
105,fourtyfy_hacker,2023-01-06 08:37:33+00:00,"Have exclusive Hacking jobs?
DM and Ask for my service!!
#hacked #icloud #facebookdown #imessage #ransomware‚Ä¶ https://t.co/rZXjWQyfOq"
106,fourtyfy_hacker,2023-01-06 08:37:15+00:00,"strange ways emproyees can (accidently) expose data Ô£ø 
#DataSecurity #Privacy
#100DaysOfCode #CloudSecurity‚Ä¶ https://t.co/vJaDPtszlr"
107,BOOTSTRAP PARADOX,2023-01-06 08:36:59+00:00,"Have exclusive Hacking jobs?
DM and Ask for my service.
#hacked #icloud #facebookdown #imessage #ransomware‚Ä¶ https://t.co/sIpFzaMvEu"
108,Nicolas Krassas,2023-01-06 08:36:58+00:00,Rackspace Sunsets Email Service Downed in Ransomware Attack https://t.co/yYSRSqorZ8
109,Danny Palmer,2023-01-06 08:36:33+00:00,The BBC reports that information from UK schools stolen and posted online by ransomware hackers includes children's‚Ä¶ https://t.co/OOKDIXcDDJ
110,BOOTSTRAP PARADOX,2023-01-06 08:36:31+00:00,"I Offer the best recovery services on all social media accounts hacking, Infiltration and recovery.‚Ä¶ https://t.co/5zigrPR6nK"
111,fourtyfy_hacker,2023-01-06 08:36:18+00:00,"Is there any Hacking attempts on your device?
DM now for risk free security solutions.
#hacked #icloud‚Ä¶ https://t.co/CcLwnXYVsZ"
112,Prateek Sinha,2023-01-06 08:36:15+00:00,Data-Leaking Ransomware Report #Databreach #ransomware via https://t.co/KN3irU5cZw https://t.co/62qOsGSjgg
113,PCrisk,2023-01-06 08:35:30+00:00,"Stop/Djvu Ransomware (v0628); Extension: .bpto; Ransom note: _readme.txt

https://t.co/xr6eAmUOsB

@Amigo_A_‚Ä¶ https://t.co/glVwmQlCWw"
114,ruinabadguysday,2023-01-06 08:34:35+00:00,"Top story: Rackspace blames ransomware woes on zero-day attack ‚Ä¢ The Register https://t.co/UZzxfE5LhS, see more https://t.co/z9RiglYbFO"
115,Ricoh South Africa,2023-01-06 08:33:10+00:00,Ransomware attacks are getting smarter. The perimeter-based defences you use to protect your organisation are quick‚Ä¶ https://t.co/g64N2GNlSG
116,BOOTSTRAP PARADOX,2023-01-06 08:32:41+00:00,"I offer the best recovery services and social media accounts hacking and infiltration. 
#hackedinstagram‚Ä¶ https://t.co/XdWThcXjxE"
117,DarkFeed,2023-01-06 08:31:39+00:00,"üåê Hive #Ransomware team added the Consulate Health Care (üá∫üá∏) to the victims list üö®

""One of our vendors suffered a‚Ä¶ https://t.co/1M7Czkv7ho"
118,Grepnetics,2023-01-06 08:31:11+00:00,"Is mandatory password expiration helping or hurting your password security?
#DataSecurity #Privacy
#100DaysOfCode‚Ä¶ https://t.co/XV9J3dICry"
119,Jennifer Lyn Walker,2023-01-06 08:30:57+00:00,Unraveling the techniques of Mac ransomware - Microsoft Security Blog https://t.co/vOvHJzVMTO
120,fourtyfy_hacker,2023-01-06 08:28:16+00:00,"Is there any Hacking attempts on your device?
DM now for risk free security solutions.
#hacked #icloud‚Ä¶ https://t.co/6JpX8hRQ09"
121,fourtyfy_hacker,2023-01-06 08:27:55+00:00,"Is there any Hacking attempts on your device?
DM now for risk free security solutions.
#hacked #icloud‚Ä¶ https://t.co/yi8wVXpYSO"
122,mitnick crest,2023-01-06 08:27:23+00:00,"Wondering how to #Recover, #hacked, retrieve, or protect any accounts or wallets DM now
#CyberSecurity #hacker‚Ä¶ https://t.co/3Xp7OP6uGE"
123,RJ,2023-01-06 08:26:21+00:00,@_JohnHammond You get a chance to read this write-up? https://t.co/YkX0vVK0Ho
124,fourtyfy_hacker,2023-01-06 08:26:04+00:00,"8 strange ways emproyees can (accidently) expose data

#DataSecurity #Privacy
#100DaysOfCode #CloudSecurity‚Ä¶ https://t.co/Cty2koQvFG"
125,mitnick crest,2023-01-06 08:25:59+00:00,"Have exclusive Hacking jobs?
DM and Ask for my service.
#hacked #icloud #facebookdown #imessage #ransomware‚Ä¶ https://t.co/vU43pVjHcL"
126,fourtyfy_hacker,2023-01-06 08:25:45+00:00,"Have exclusive Hacking jobs?
DM and Ask for my service!!
#hacked #icloud #facebookdown #imessage #ransomware‚Ä¶ https://t.co/hNn9wycCfN"
127,Jerric Hack,2023-01-06 08:24:27+00:00,"Instant Inbox for all lost or suspended account recovery services,
 Inbox Now let's get it done.
 #hacked #icloud‚Ä¶ https://t.co/YVu6sD2Cim"
128,mitnick crest,2023-01-06 08:24:22+00:00,"Have exclusive Hacking jobs?
DM and Ask for my service.
#hacked #icloud #facebookdown
#imessage #ransomware‚Ä¶ https://t.co/wiH1jmjYy2"
129,ZURAIHAH BT ISMAIL,2023-01-06 08:22:57+00:00,"Hacking is easy,
DM to Recover or Hack accounts and missing phones.
#gmailhack
#gmaildown #hacked #Hacking‚Ä¶ https://t.co/LclZplIy8W"
130,mitnick crest,2023-01-06 08:22:46+00:00,"Offering the best recovery services.
And media accounts hacking, Infiltration,
and recovery.
#hackedinstagram‚Ä¶ https://t.co/9hKHT1JtL9"
131,StatHacks,2023-01-06 08:21:54+00:00,"Recover locked/lost accounts with ease,
DM for all account retrievals.
#gmailhack #gmaildown #hacked #Hacking‚Ä¶ https://t.co/sfmEm3UPwX"
132,LoydHacks,2023-01-06 08:21:05+00:00,"Recover locked/lost accounts with ease,
DM for all account retrievals.
#gmailhack #gmaildown #hacked #Hacking‚Ä¶ https://t.co/y5HRWEYt6Z"
133,TechNative,2023-01-06 08:21:00+00:00,"Mobile cyberattacks: The different facets of smartphone malware 

#infosec #cyberthreats #cyberattacks #leaders‚Ä¶ https://t.co/zlQ6ohYFxU"
134,StatHacks,2023-01-06 08:20:46+00:00,"Recover locked/lost accounts with ease,
DM for all account retrievals.
#gmailhack #gmaildown #hacked #Hacking‚Ä¶ https://t.co/VpFNzGdmvL"
135,ZURAIHAH BT ISMAIL,2023-01-06 08:20:40+00:00,"DM for all account retrievals.
Recover locked/lost accounts with ease,#gmailhack #gmaildown #hacked #Hacking‚Ä¶ https://t.co/7DNA08ttCZ"
136,StatHacks,2023-01-06 08:20:10+00:00,"Ethically Hacking is easy for specialists.
DM for all cyber related problems.
#hacked #icloud #facebookdown‚Ä¶ https://t.co/s8w8PLGNmA"
137,fourtyfy_hacker,2023-01-06 08:20:00+00:00,"Is mandatory password expiration helping or hurting your password security?
#DataSecurity #Privacy
#100DaysOfCode‚Ä¶ https://t.co/FnTyUCzCXW"
138,ZURAIHAH BT ISMAIL,2023-01-06 08:19:28+00:00,"Is there any Hacking attempts on your device?
DM now for risk free security solutions.
#hacked #icloud‚Ä¶ https://t.co/9g0Lu8VbbU"
139,Denise Nelson,2023-01-06 08:19:22+00:00,I was quite surprised to witness a scene where a professor was describing how Bitcoin has been linked to recent ran‚Ä¶ https://t.co/Sqxp6nTag1
140,Grepnetics,2023-01-06 08:19:14+00:00,"8 strange ways emproyees can (accidently) expose data

#DataSecurity #Privacy
#100DaysOfCode #CloudSecurity‚Ä¶ https://t.co/rbgGuTdZEy"
141,Paul Martinez,2023-01-06 08:19:00+00:00,The FBI's Perspective on Ransomware https://t.co/Xj9VdZ8F17
142,LoydHacks,2023-01-06 08:18:33+00:00,"Ethically Hacking is easy for specialists.
DM for all cyber related problems.
#hacked #icloud #facebookdown‚Ä¶ https://t.co/iW0wNlfUPD"
143,‚Ä¢ Oracle ‚Ä¢,2023-01-06 08:16:58+00:00,"Ethically Hacking is easy for specialists.
DM for all cyber related problems.
#hacked #icloud #facebookdown‚Ä¶ https://t.co/u5dTq347MQ"
144,CyberGuardNews,2023-01-06 08:16:10+00:00,Play #ransomware Group Used New #exploitation Method in Rackspace Attack | https://t.co/cUkPAdXOOi https://t.co/hQyzCv4wss #Sec_Cyber
145,ZURAIHAH BT ISMAIL,2023-01-06 08:14:07+00:00,"Ethically Hacking is easy for specialists.
DM for all cyber related problems.
#hacked #icloud #facebookdown‚Ä¶ https://t.co/gh5BVR9M6c"
146,BOOTSTRAP PARADOX,2023-01-06 08:13:38+00:00,"Is mandatory password expiration helping or hurting your password security?
#DataSecurity #Privacy
#100DaysOfCode‚Ä¶ https://t.co/rfYAS0XOQJ"
147,‚Ä¢ Oracle ‚Ä¢,2023-01-06 08:13:27+00:00,"Need a hacker to do the job?
Lost your account and need a recovery but don't know how?
Inbox now for help and guide‚Ä¶ https://t.co/RCbdKyppo3"
148,BOOTSTRAP PARADOX,2023-01-06 08:13:11+00:00,"Wondering how to #Recover, #hacked, retrieve, or protect any accounts or wallets DM now
#CyberSecurity #hacker‚Ä¶ https://t.co/r3sZTJCuWq"
149,mitnick crest,2023-01-06 08:12:53+00:00,"Have exclusive Hacking jobs?
DM and Ask for my service.
#hacked #icloud #facebookdown #imessage #ransomware‚Ä¶ https://t.co/Et3cfVPnWs"
150,BOOTSTRAP PARADOX,2023-01-06 08:12:36+00:00,"Do you have exclusive tasks?
DM and Ask for my service
#hacked #icloud #facebookdown #imessage #ransomware‚Ä¶ https://t.co/ZN9zSBPADX"
151,jeanson_hack583,2023-01-06 08:12:20+00:00,"Instant Inbox for all lost or suspended account recovery services,
 Inbox Now let's get it done.
 #hacked #icloud‚Ä¶ https://t.co/pwkuoqCexx"
152,mitnick crest,2023-01-06 08:11:54+00:00,"Offering the best recovery services.
And media accounts hacking, Infiltration, and recovery.
#hackedinstagram‚Ä¶ https://t.co/OebneAFv2G"
153,StatHacks,2023-01-06 08:11:44+00:00,"Need a hacker to do the job?
Lost your account and need a recovery but don't know how?
Inbox now for help and guide‚Ä¶ https://t.co/WxJJZgfkRk"
154,ZURAIHAH BT ISMAIL,2023-01-06 08:10:57+00:00,"Hackers know Hacking is easy for specialists.
DM for all cyber related problems.
#hacked #icloud #facebookdown‚Ä¶ https://t.co/jeqIF8QnrE"
155,ThatBangaloreGuy,2023-01-06 08:10:05+00:00,"After a #ransomware attack, the Canadian Copper Mountain Mining Corporation (CMMC) has isolated operations and swit‚Ä¶ https://t.co/RQ7bUCtuLx"
156,LoydHacks,2023-01-06 08:09:55+00:00,"Need a hacker to do the job?
Lost your account and need a recovery but don't know how?
Inbox now for help and guide‚Ä¶ https://t.co/94bnsuWqxD"
157,ZURAIHAH BT ISMAIL,2023-01-06 08:09:51+00:00,"Have a lost account you want to recover but don't know how?
Inbox now for guide on how to recover your account imme‚Ä¶ https://t.co/n81aHx3KgB"
158,ZURAIHAH BT ISMAIL,2023-01-06 08:07:50+00:00,"Have a lost account you want to recover but don't know how?
Inbox now for guide on how to recover your account imme‚Ä¶ https://t.co/YnGFXco9uS"
159,BOOTSTRAP PARADOX,2023-01-06 08:07:28+00:00,"Hi
Need a hacker to do the job?
Lost your account and need a recovery but don't know how?
Inbox now for help and gu‚Ä¶ https://t.co/5w1Un4LxlD"
160,"National Cyber Security Ventures, Corp.",2023-01-06 08:06:38+00:00,The tech ecosystem has ‚Äòbecome really unsafe‚Äô | #hacking | #cybersecurity | #infosec | #comptia | #pentest |¬†‚Ä¶ https://t.co/TzrbnVabo7
161,mitnick crest,2023-01-06 08:04:06+00:00,"l'm always available 24/7
#hacked #icloud #imessage #facebookdown #ransomware #snapchat #discord #havking‚Ä¶ https://t.co/Ztmp9jXDE5"
162,‚Ä¢ Oracle ‚Ä¢,2023-01-06 08:03:15+00:00,"Offering the best recovery services.
All social media accounts hacking, Infiltration, and recovery.‚Ä¶ https://t.co/MvSXnwvUhK"
163,W. Spiess-Knafl,2023-01-06 08:03:14+00:00,"Organized crime groups also need to manage their reputation. 
Recent example: A ransomware operator issued an apolo‚Ä¶ https://t.co/2K3Ld1MDyr"
164,LoydHacks,2023-01-06 08:00:05+00:00,"Offering the best recovery services.
All social media accounts hacking, Infiltration, and recovery.‚Ä¶ https://t.co/lIvn2BOc2o"
165,mitnick crest,2023-01-06 07:59:58+00:00,Dm for easy way to recover your lost logging details #email #passcode #walletphrase #recoveryphrase #facebook‚Ä¶ https://t.co/6S6JtSX1ad
166,StatHacks,2023-01-06 07:57:48+00:00,"Offering the best recovery services
All social media accounts hacking, Infiltration, and recovery.
#hackedinstagram‚Ä¶ https://t.co/v37dhz5O2Q"
167,Jonathan Holmes,2023-01-06 07:57:43+00:00,Pates Grammr School (@PatesGS) in Cheltenham was one of those hacked. Other targets included the school of Oriental‚Ä¶ https://t.co/WvOvB0GYm7
168,BOOTSTRAP PARADOX,2023-01-06 07:57:22+00:00,"To get access to any suspended account 
Recover locked/lost accounts with ease,
DM for all account retrievals.‚Ä¶ https://t.co/iYL4R8wHIr"
169,ZURAIHAH BT ISMAIL,2023-01-06 07:57:17+00:00,"Hacking is easy for specialists.
DM for all cyber related problems.
#hacked #icloud #facebookdown #imessage‚Ä¶ https://t.co/NgqZIA7CaU"
170,jeanson_hack583,2023-01-06 07:57:11+00:00,"Instant Inbox for all lost or suspended account recovery services,
 Inbox Now let's get it done.
 #hacked #icloud‚Ä¶ https://t.co/sQ2yQVcZ4z"
171,ZURAIHAH BT ISMAIL,2023-01-06 07:56:51+00:00,"You lost your account?
A good hacker is all you need.
DM now.
#hacked #icloud #facebookdown #imessage #ransomware‚Ä¶ https://t.co/9gQaFiyXaz"
172,ZURAIHAH BT ISMAIL,2023-01-06 07:55:58+00:00,"Hacking is easy,
Dm to Recover or Hack accounts and missing phones.
#gmailhack
#gmaildown #hacked #Hacking‚Ä¶ https://t.co/MnRYsFhtWA"
173,HACKEDWITHJOSHWIN,2023-01-06 07:55:12+00:00,"l'm always available 24/7
#hacked #icloud #imessage #facebookdown #ransomware #snapchat #discord #havking‚Ä¶ https://t.co/XXcrN7JfD9"
174,StatHacks,2023-01-06 07:55:07+00:00,"If your Gmail account got Hacked, text me for guide on how to recover your Account immediately #gmailhack #..
I'm a‚Ä¶ https://t.co/6ewCl2nneF"
175,kostas drosakis,2023-01-06 07:55:05+00:00,Don't miss your chance to win a free license key for HitmanPro.Alert! Enter the @Sophos Christmas Giveaway at‚Ä¶ https://t.co/WvBYaRoKf7
176,jeanson_hack583,2023-01-06 07:54:47+00:00,"Inbox Now for help and guidance on how to recover a lost account.
 #hacked #icloud #facebookdown #imessage‚Ä¶ https://t.co/rjbjBhNn1a"
177,ZURAIHAH BT ISMAIL,2023-01-06 07:54:28+00:00,"Recover locked/lost accounts with ease,
DM for all account retrievals.
#gmailhack #gmaildown #hacked #Hacking‚Ä¶ https://t.co/wpYvvgNN0p"
178,LoydHacks,2023-01-06 07:54:14+00:00,"If your Gmail account got Hacked, text me for guide on how to recover your Account immediately #gmailhack #..
I'm a‚Ä¶ https://t.co/aYTTJBH3kY"
179,‚Ä¢ Oracle ‚Ä¢,2023-01-06 07:53:30+00:00,"If your Gmail account got Hacked, text me for guide on how to recover your Account immediately #gmailhack #..
I'm a‚Ä¶ https://t.co/dXVbCTb6Bm"
180,stephen_coddes,2023-01-06 07:50:05+00:00,"Ethically Hacking is easy for specialists.
DM for all cyber related problems.
#hacked #icloud #facebookdown‚Ä¶ https://t.co/nFDJRi8hR5"
181,KrisHack,2023-01-06 07:49:42+00:00,"Is there any Hacking attempts on your device?

DM now for risk free security solutions.

#hacked #icloud‚Ä¶ https://t.co/U1C3yllQYB"
182,Raj Samani,2023-01-06 07:49:27+00:00,Good News!  The team @Bitdefender release a free decryptor for MegaCortex #ransomware now available on‚Ä¶ https://t.co/ySdmv5FanS
183,HACKEDWITHJOSHWIN,2023-01-06 07:49:17+00:00,"l'm always available 24/7
#hacked #icloud #imessage #facebookdown #ransomware #snapchat #discord #havking‚Ä¶ https://t.co/KlNJJip7XN"
184,fourtyfy_hacker,2023-01-06 07:48:05+00:00,"Wondering how to #Recover #hacked, retrieve, or protect any accounts or wallets DM now
#CyberSecurity #hacker‚Ä¶ https://t.co/piaEsRt5tt"
185,KPMG India,2023-01-06 07:47:35+00:00,"With our world becoming digital and hyper-connected, our threat surfaces have gone up exponentially, making‚Ä¶ https://t.co/TF2cwl9TGE"
186,fourtyfy_hacker,2023-01-06 07:47:32+00:00,"Have exclusive Hacking jobs?
DM and Ask for my service.
#hacked #icloud #facebookdown #imessage #ransomware‚Ä¶ https://t.co/yJaH2WBpQh"
187,fourtyfy_hacker,2023-01-06 07:47:11+00:00,"Have exclusive Hacking jobs?
DM and Ask for my service.
#hacked #icloud #facebookdown
#imessage #ransomware‚Ä¶ https://t.co/aoBSmTqiaJ"
188,Ovidiu Pismac,2023-01-06 07:47:00+00:00,The FBI's Perspective on Ransomware https://t.co/KYkfN44Xck
189,KPMG India,2023-01-06 07:46:58+00:00,"In comparison to other #cyberattacks, #ransomware have had the most impact on businesses and the community:‚Ä¶ https://t.co/5M45sjj30j"
190,fourtyfy_hacker,2023-01-06 07:45:58+00:00,"Offering the best recovery services.
And media accounts hacking, Infiltration,
and recovery
#hackedinstagram‚Ä¶ https://t.co/S5vjDUTq7p"
191,Decrypted_hacker,2023-01-06 07:45:06+00:00,"Wondering how to #Recover, #hacked, retrieve, or protect any accounts or wallets DM now
#CyberSecurity #hacker‚Ä¶ https://t.co/suwQOV5ofI"
192,Decrypted_hacker,2023-01-06 07:44:53+00:00,"Have exclusive Hacking jobs?
DM and Ask for my service.
#hacked #icloud #facebookdown #imessage #ransomware‚Ä¶ https://t.co/3whlcOJRHU"
193,Decrypted_hacker,2023-01-06 07:44:43+00:00,"Have exclusive Hacking jobs?
DM and Ask for my service.
#hacked #icloud #facebookdown
#imessage #ransomware‚Ä¶ https://t.co/QIvZpwG2XQ"
194,Decrypted_hacker,2023-01-06 07:44:33+00:00,"Offering the best recovery services.
And media accounts hacking, Infiltration,
and recovery.
#hackedinstagram‚Ä¶ https://t.co/cFuLX1C2L2"
195,fourtyfy_hacker,2023-01-06 07:43:26+00:00,"Have exclusive Hacking jobs?
DM and Ask for my service.
#hacked #icloud #facebookdown #imessage #ransomware‚Ä¶ https://t.co/ET7Bnauuek"
196,Decrypted_hacker,2023-01-06 07:43:14+00:00,"Have exclusive Hacking jobs?
DM and Ask for my service.
#hacked #icloud #facebookdown #imessage #ransomware‚Ä¶ https://t.co/SoLHy80hlJ"
197,fourtyfy_hacker,2023-01-06 07:43:05+00:00,"Offering the best recovery services.
And media accounts hacking, Infiltration, and recovery.
#hackedinstagram‚Ä¶ https://t.co/umZw8tcuEK"
198,Decrypted_hacker,2023-01-06 07:43:04+00:00,"Offering the best recovery services.
And media accounts hacking, Infiltration, and recovery.
#hackedinstagram‚Ä¶ https://t.co/c5Q5VGLnrw"
199,Decrypted_hacker,2023-01-06 07:42:11+00:00,"l'm always available 24/7
#hacked #icloud #imessage #facebookdown #ransomware #snapchat #discord #havking‚Ä¶ https://t.co/acib1fEeWV"
200,fourtyfy_hacker,2023-01-06 07:41:36+00:00,"l'm always available 24/7
#hacked #icloud #imessage #facebookdown #ransomware #snapchat #discord #havking‚Ä¶ https://t.co/fSHFInwMi5"
201,Decrypted_hacker,2023-01-06 07:41:27+00:00,Dm for easy way to recover your lost logging details #email #passcode #walletphrase #recoveryphrase #facebook‚Ä¶ https://t.co/eYzpHtX1AE
202,fourtyfy_hacker,2023-01-06 07:40:59+00:00,Dm for easy way to recover your lost logging details #email #passcode #walletphrase #recoveryphrase #facebook‚Ä¶ https://t.co/nWbIOaHL0O
203,Ransomware.org Understand | Prevent | Recover ¬Æ,2023-01-06 07:40:35+00:00,"To Understand Ransomware‚Äôs Origins, Follow the Money https://t.co/nZ0I6hwET1 #ransomware"
204,ùî∏ùïûùïöùï•ùïíùïß ùîπùïôùïíùï•ùï•ùïíùïîùïôùïíùï£ùïõùïñùïñ,2023-01-06 07:39:13+00:00,"#Ransomware: A Wake-Up Call for Cybersecurity in the #IndoPacific

https://t.co/B9MhaG7pAL

#RCE #ZeroTrust‚Ä¶ https://t.co/i0ZFITt6Rv"
205,BOOTSTRAP PARADOX,2023-01-06 07:33:34+00:00,"We are always active
Have exclusive Hacking jobs?
DM and Ask for my service.
#hacked #icloud #facebookdown‚Ä¶ https://t.co/w8jdxBiHHq"
206,REX Bill Morill üí´ üáÆüáπ üá´üá∑ üá≥üá¨,2023-01-06 07:33:20+00:00,"BleepingComputer: Rackspace confirms Play ransomware was behind recent cyberattack.
https://t.co/3rSwq0vFip

via @GoogleNews"
207,BOOTSTRAP PARADOX,2023-01-06 07:33:08+00:00,"Are you really suspecting any
Hacking attempts on your device?
DM now for risk free security solutions.
#hacked‚Ä¶ https://t.co/OPTICa15cM"
208,BOOTSTRAP PARADOX,2023-01-06 07:32:56+00:00,"Hacking is easy,
DM to Recover or Hack accounts and missing phones.
#gmailhack
 #hacked #Hacking #hackaccount‚Ä¶ https://t.co/1Cy3MCwk2m"
209,"National Cyber Security Ventures, Corp.",2023-01-06 07:30:40+00:00,Juris Disputes &amp; Investigations Announces Partnership with CW Resources to Grow its Cybersecurity Services |‚Ä¶ https://t.co/eOg3Gt6ujX
210,jeanson_hack583,2023-01-06 07:30:04+00:00,"Inbox Now for help and guidance on how to recover a lost account.
 #hacked #icloud #facebookdown #imessage‚Ä¶ https://t.co/b9sfSCrE4H"
211,BOOTSTRAP PARADOX,2023-01-06 07:25:28+00:00,"For any kind of hacking
Inbox now for all account recovery services,Lost or suspended,
Inbox now 
#hacked #icloud‚Ä¶ https://t.co/JyWJy4q1pX"
212,BOOTSTRAP PARADOX,2023-01-06 07:25:22+00:00,"Hurry up
Inbox now for help and guide on how to recover lost accounts.
#hacked #icloud #facebookdown #imessage‚Ä¶ https://t.co/qCu9ZfYvBr"
213,R.,2023-01-06 07:24:28+00:00,"""#Vohuk #Ransomware"" targets #Windows RDP affecting multiple countries found!

79.110.63.63#3389
135.125.46.5#3389‚Ä¶ https://t.co/SJlHvy6HZ8"
214,Nicola Ferrini,2023-01-06 07:23:34+00:00,Unraveling the techniques of Mac #ransomware https://t.co/bVgZd2Vu2x https://t.co/O9HH0aZkqf
215,Dominic Alvieri,2023-01-06 07:22:05+00:00,"Hive Ransomware breaches Consulate Health Care through a vendor which was just breached in December.

/consulatehc.‚Ä¶ https://t.co/MHji3bpNAi"
216,CyberSecurity,2023-01-06 07:22:00+00:00,Ransomware target list ‚Äì Week in security with Tony Anscombe https://t.co/btGaHBhU2Y #cybersecurity #cyber
217,Dominic Alvieri,2023-01-06 07:20:57+00:00,"Hive Ransomware breaches Consulate Health Care through a new December breach of a vendor.

/consulatehc.com‚Ä¶ https://t.co/gw1EbDmz1S"
218,CORE.TEC,2023-01-06 07:18:56+00:00,"DM and request my services
#hacked #icloud #facebookdown #imessage #ransomware #snapchat #snapchatsupport‚Ä¶ https://t.co/CvDhaLd3fb"
219,jeanson_hack583,2023-01-06 07:18:39+00:00,"Do you have a dedicated hacking job?
 DM and ask for my services.
 #hacked #icloud #facebookdown #imessage‚Ä¶ https://t.co/TPbz8pzHtC"
220,The Cyber Express,2023-01-06 07:18:07+00:00,"#FearTheFive
The Cyber Express found #five main supervillains in the #security domains that pulverized the ambition‚Ä¶ https://t.co/e4JqOFU2RH"
221,Angry CPU,2023-01-06 07:18:06+00:00,Hackers Leverage Compromised Fortinet Devices to Distribute Ransomware https://t.co/zTE6MjIRWP
222,CORE.TEC,2023-01-06 07:17:49+00:00,"Hacking is much easier when you connect with the right hacker.
Get all your hacking services in an instant inbox
I'‚Ä¶ https://t.co/Q6PMhISpxL"
223,CORE.TEC,2023-01-06 07:17:01+00:00,"Hacking is much easier when you connect with the right hacker.
Get all your hacking services in an instant inbox
I'‚Ä¶ https://t.co/tkHjabg1qy"
224,knowledge,2023-01-06 07:16:00+00:00,Hackers Leverage Compromised Fortinet Devices to Distribute Ransomware https://t.co/qvLwyj7eNX
225,HACKEDWITHJOSHWIN,2023-01-06 07:15:15+00:00,"l'm always available 24/7
#hacked #icloud #imessage #facebookdown #ransomware #snapchat #discord #havking‚Ä¶ https://t.co/x2S5Re24U7"
226,LE DECODEUR,2023-01-06 07:15:02+00:00,Play ransomware claims attack on Belgium city of Antwerp https://t.co/hdvxdPm3uh https://t.co/0ZCgQG86Hb
227,iSecurity,2023-01-06 07:14:06+00:00,The impact of ransomware attacks and how to prevent them.. https://t.co/5eqRbtCGGR #ransomware #attack #medium
228,Micheal,2023-01-06 07:12:24+00:00,Warning over ransomware attacks spreading via Fortinet kit https://t.co/vDjo8jIiHH https://t.co/vllm5TLngW
229,JPierceA,2023-01-06 07:12:02+00:00,".@Bitdefender releases free #MegaCortex #Ransomware decryptor ::::
https://t.co/kSywGqcvxI"
230,PCrisk,2023-01-06 07:11:18+00:00,"Stop/Djvu Ransomware (v0627); Extension: .bpws; Ransom note: _readme.txt

https://t.co/duYUdkJeYG

@Amigo_A_‚Ä¶ https://t.co/yRkt6Ms4PV"
231,Amy Devine,2023-01-06 07:11:13+00:00,Opinion: Public Schools under ransomware attacks - Is it worth it? https://t.co/GqTUOWYOmv
232,Jerric Hack,2023-01-06 07:10:50+00:00,"Instant Inbox for all lost or suspended account recovery services,
 Inbox Now let's get it done.
 #hacked #icloud‚Ä¶ https://t.co/LjMpfbqoAJ"
233,Jerric Hack,2023-01-06 07:09:09+00:00,"Do you have a dedicated hacking job?
 DM and ask for my services.
 #hacked #icloud #facebookdown #imessage‚Ä¶ https://t.co/8b1bLqmZwP"
234,ANONYMOUS HACKS üíØüíØ,2023-01-06 07:05:56+00:00,"Is there any Hacking attempts on your device?
DM now for risk free security solutions.
#hacked #icloud‚Ä¶ https://t.co/eoNGh5kIQA"
235,HACKEDWITHJOSHWIN,2023-01-06 07:05:56+00:00,"l'm always available 24/7
#hacked #icloud #imessage #facebookdown #ransomware #snapchat #discord #havking‚Ä¶ https://t.co/bf7j1LvrBn"
236,RAKESH KRISHNAN,2023-01-06 07:02:32+00:00,"Meanwhile, someone started selling #AIIMS #Dataleak on #DarkWeb for $1000!

#databreach #aiimsdataleak #hack #OSINT‚Ä¶ https://t.co/nDyEaUyAQ6"
237,ANONYMOUS HACKS üíØüíØ,2023-01-06 07:01:47+00:00,"8 strange ways emproyees can (accidently) expose data

#DataSecurity #Privacy
#100DaysOfCode #CloudSecurity‚Ä¶ https://t.co/VxbNGolYFS"
238,ANONYMOUS HACKS üíØüíØ,2023-01-06 07:00:55+00:00,"Have exclusive Hacking jobs?
DM and Ask for my service!!
#hacked #icloud #facebookdown #imessage #ransomware‚Ä¶ https://t.co/9itZJuYVhw"
239,EuRepoC | European Repository of Cyber Incidents,2023-01-06 07:00:24+00:00,"3. LockBit launched ransomware attack against the Port of Lisbon Administration on Christmas Day 2022
22 reports
üîéÔ∏è‚Ä¶ https://t.co/khOR6WQgcJ"
240,EuRepoC | European Repository of Cyber Incidents,2023-01-06 07:00:24+00:00,"1. Ransomware attack disrupts Italian municipality of Sarno via contractor on 27 December 2022
3 reports
üîéÔ∏èhttps://t.co/wxcYypFcD8 (2/4)"
241,Alexa Chenowith,2023-01-06 07:00:03+00:00,Unraveling the techniques of Mac ransomware https://t.co/pIR1Vl8nX4
242,ANONYMOUS HACKS üíØüíØ,2023-01-06 06:59:13+00:00,"Is mandatory password expiration helping or hurting your password security?
#DataSecurity #Privacy
#100DaysOfCode‚Ä¶ https://t.co/rcbNkWmObR"
243,J Sir Cybersecurity,2023-01-06 06:59:03+00:00,"Get All Your Hacking Services Inbox Now
 I'm always available 24/7
 #hacked #icloud #imessage #facebookdown‚Ä¶ https://t.co/4QSWqZyZnW"
244,J Sir Cybersecurity,2023-01-06 06:58:39+00:00,"I am available 24 hours a day, 7 days a week
 send me an email
 #hacked #facebookdown #whatsapp #hackedinstagram‚Ä¶ https://t.co/FZMvJcgSdN"
245,Dominic Alvieri,2023-01-06 06:58:12+00:00,"Consulate Health Care breached by Hive Ransomware through a vendor.

/consulatehc.com

#cybersecurity #infosec @FBI‚Ä¶ https://t.co/cdl5ouTVsD"
246,J Sir Cybersecurity,2023-01-06 06:56:31+00:00,"DM and ask for my services.
 #hacked #icloud #facebookdown #imessage #ransomware #snapchat #snapchatsupport‚Ä¶ https://t.co/Gz2Sc8pH6n"
247,HackwithJamesüñ•üñ±,2023-01-06 06:54:55+00:00,"Recover locked/lost accounts with ease,
DM for all account retrievals.
#gmailhack #gmaildown #hacked #Hacking‚Ä¶ https://t.co/EylJ3G3IDO"
248,"National Cyber Security Ventures, Corp.",2023-01-06 06:54:44+00:00,Cybersecurity Experts Warn Twitter Breach Will Have Lasting Ramifications | #hacking | #cybersecurity | #infosec |‚Ä¶ https://t.co/HH6SrPvuoK
249,HackwithJamesüñ•üñ±,2023-01-06 06:53:30+00:00,"If you need Help with recovering any Account, Mails, Tiktok, Snapchat, Instagram etc..

I'm available 24/7
Inbox me‚Ä¶ https://t.co/gmbqmU2vpT"
250,Amit Champaneri,2023-01-06 06:53:15+00:00,üîù#Infographic: #CyberSecurity #Strategy by Industry Via @ingliguori üëáüèΩ#bigdata #tech #cloud #CyberAttack‚Ä¶ https://t.co/t9D7X8cdVR
251,HackwithJamesüñ•üñ±,2023-01-06 06:52:22+00:00,"Is there any Hacking attempts on your device?
DM now for risk free security solutions.
#hacked #icloud‚Ä¶ https://t.co/qH8vCjSpB9"
252,ANONYMOUS HACKS üíØüíØ,2023-01-06 06:51:31+00:00,"Have exclusive Hacking jobs?
DM and Ask for my service!!
#hacked #icloud #facebookdown #imessage #ransomware‚Ä¶ https://t.co/utjvaPM2ub"
253,ANONYMOUS HACKS üíØüíØ,2023-01-06 06:51:10+00:00,"strange ways emproyees can (accidently) expose data Ô£ø 
#DataSecurity #Privacy
#100DaysOfCode #CloudSecurity‚Ä¶ https://t.co/Q0RdpXGt6u"
254,SK,2023-01-06 06:50:49+00:00,Ransomware being spread through Fortinet VPN Devices https://t.co/InUhMMC3QQ #cyber  #awareness #threatintell #CTI‚Ä¶ https://t.co/4xABtsePJZ
255,ANONYMOUS HACKS üíØüíØ,2023-01-06 06:50:26+00:00,"Is there any Hacking attempts on your device?
DM now for risk free security solutions.
#hacked #icloud‚Ä¶ https://t.co/x1tRwGPGhE"
256,HackwithJamesüñ•üñ±,2023-01-06 06:47:59+00:00,"Ethically Hacking is easy for specialists.
DM for all cyber related problems.
#hacked #icloud #facebookdown‚Ä¶ https://t.co/qEQbDYGwht"
257,WebCannonüíªüì≤üì°üåç,2023-01-06 06:46:48+00:00,"Lost Email, Instagram and Twitter?
DM for quick recovery.
Available 24/7.
#gmailhack
#gmaildown #hacked #Hacking‚Ä¶ https://t.co/TE6pTJVqv5"
258,HackwithJamesüñ•üñ±,2023-01-06 06:46:46+00:00,"You lost your account?
A good hacker is all you need.
DM now.
#hacked #icloud #facebookdown #imessage #ransomware‚Ä¶ https://t.co/LPLmEw7pEw"
259,WebCannonüíªüì≤üì°üåç,2023-01-06 06:46:39+00:00,"Have exclusive Hacking jobs?
DM and Ask for my service.
#hacked #icloud #facebookdown #imessage #ransomware‚Ä¶ https://t.co/nsp2gkDBRB"
260,WebCannonüíªüì≤üì°üåç,2023-01-06 06:46:29+00:00,"Hacking is easy,
DM to Recover or Hack accounts and missing phones.
#gmailhack
#gmaildown #hacked #Hacking‚Ä¶ https://t.co/a1b8uUrmh2"
261,WebCannonüíªüì≤üì°üåç,2023-01-06 06:46:18+00:00,"Hacking attempts on your device?
DM now for risk free security solutions.
#hacked #icloud #facebookdown #imessage‚Ä¶ https://t.co/2caHFySH2w"
262,ANONYMOUS HACKS üíØüíØ,2023-01-06 06:46:06+00:00,"Is there any Hacking attempts on your device?
DM now for risk free security solutions.
#hacked #icloud‚Ä¶ https://t.co/jCusL9BoVF"
263,HackwithJamesüñ•üñ±,2023-01-06 06:46:00+00:00,"Have a lost account you want to recover but don't know how?
Inbox now for guide on how to recover your account imme‚Ä¶ https://t.co/TeQ06sONJ3"
264,WebCannonüíªüì≤üì°üåç,2023-01-06 06:45:46+00:00,"Inbox now for all account recovery services,Lost or suspended,
Inbox now let's get it done.
#hacked #icloud‚Ä¶ https://t.co/ZuLKt3PfZl"
265,ANONYMOUS HACKS üíØüíØ,2023-01-06 06:45:03+00:00,"8 strange ways emproyees can (accidently) expose data

#DataSecurity #Privacy
#100DaysOfCode #CloudSecurity‚Ä¶ https://t.co/WdP42uO5RE"
266,WebCannonüíªüì≤üì°üåç,2023-01-06 06:44:54+00:00,"Have a lost account you want to recover but don't know how?
Inbox now for guide on how to recover your account imme‚Ä¶ https://t.co/JxlRKPHWBI"
267,ANONYMOUS HACKS üíØüíØ,2023-01-06 06:44:46+00:00,"Have exclusive Hacking jobs?
DM and Ask for my service!!
#hacked #icloud #facebookdown #imessage #ransomware‚Ä¶ https://t.co/JsOrScRoZN"
268,ANONYMOUS HACKS üíØüíØ,2023-01-06 06:44:31+00:00,"Hacking is way Easier when you contact the right hacker.
Inbox me now for all your hacking services l'm available 2‚Ä¶ https://t.co/FAYdyJGAl8"
269,The Tech Trend,2023-01-06 06:43:59+00:00,"What to Do When Ransomware Attacks: Top 10 Ways
Read More:- https://t.co/XBN4sz0moT 
#cyberattack #malware‚Ä¶ https://t.co/gRqfZ2NTMF"
270,jeanson_hack583,2023-01-06 06:43:56+00:00,"DM and Ask for my servic.
#hacked #icloud #facebookdown #imessage #ransomware #snapchat #snapchatsupport‚Ä¶ https://t.co/TrJzSCQjl8"
271,Blonde Technology,2023-01-06 06:43:44+00:00,"Ransomware gang apologizes, gives SickKids hospital free decryptor https://t.co/MEZypYJxOZ"
272,ANONYMOUS HACKS üíØüíØ,2023-01-06 06:42:53+00:00,"Is mandatory password expiration helping or hurting your password security?
#DataSecurity #Privacy
#100DaysOfCode‚Ä¶ https://t.co/JAotIzYImn"
273,WebCannonüíªüì≤üì°üåç,2023-01-06 06:42:51+00:00,"Inbox Us, if you need our Hacking Services.
We are Available 24/7
Inbox and Smile Again
#Hacked #facebookdown‚Ä¶ https://t.co/6hT8VyjiVO"
274,jeanson_hack583,2023-01-06 06:42:34+00:00,"Have exclusive Hacking jobs?
DM and Ask for my service.
#hacked #icloud #facebookdown #imessage #ransomware‚Ä¶ https://t.co/BvgAKjgAh5"
275,HackwithJamesüñ•üñ±,2023-01-06 06:42:16+00:00,"Have exclusive Hacking jobs?
DM and Ask for my service.
#hacked #icloud #facebookdown #imessage #ransomware‚Ä¶ https://t.co/RlzvvhWKPG"
276,HackwithJamesüñ•üñ±,2023-01-06 06:42:01+00:00,"Need a hacker to do the job?
Lost your account and need a recovery but don't know how?
Inbox now for help and guide‚Ä¶ https://t.co/caT8PTafg2"
277,Jerric Hack,2023-01-06 06:41:28+00:00,"We have helped alot of people Recover their lost/ Hacked Account and Wallets etc
Inbox Us, if you need our Hacking‚Ä¶ https://t.co/3420pCktdH"
278,Smartcodetech,2023-01-06 06:41:23+00:00,"s there any Hacking attempts on your device?
DM now for risk free security solutions.
#hacked #icloud #facebookdown‚Ä¶ https://t.co/lELuqdTZJs"
279,Smartcodetech,2023-01-06 06:41:07+00:00,"Is there any Hacking attempts on your device?
DM now for risk free security solutions.
#hacked #icloud‚Ä¶ https://t.co/KKPuxXdMaq"
280,HackwithJamesüñ•üñ±,2023-01-06 06:40:34+00:00,"Offering the best recovery services.
All social media accounts hacking, Infiltration, and recovery
#hackedinstagram‚Ä¶ https://t.co/Z2x5xWkZh9"
281,HackwithJamesüñ•üñ±,2023-01-06 06:40:12+00:00,"Inbox now for help and guide on how to recover lost accounts.
#hacked #icloud #facebookdown #imessage #ransomware‚Ä¶ https://t.co/wJDB56tORS"
282,Caylor Bax,2023-01-06 06:39:29+00:00,"Stephen Manley, CTO at Druva, shares his expertise with Forbes on the critical role that backups and archiving play‚Ä¶ https://t.co/UNW6V9zofl"
283,Smartcodetech,2023-01-06 06:39:16+00:00,"Is there any Hacking attempts on your device?
DM now for risk free security solutions.
#hacked #icloud‚Ä¶ https://t.co/JSeIFHpiqO"
284,WebCannonüíªüì≤üì°üåç,2023-01-06 06:38:51+00:00,"I'm available 24/7
Inbox me
#hacked #facebookdown #whatsapp #hackedinstagram #twitterdown #lockedaccount #metamask #ransomware"
285,WebCannonüíªüì≤üì°üåç,2023-01-06 06:38:29+00:00,"Offering the best recovery services.
All social media accounts hacking, Infiltration, and recovery.‚Ä¶ https://t.co/tj5s3sow7m"
286,WebCannonüíªüì≤üì°üåç,2023-01-06 06:35:20+00:00,"Need a hacker to do the job?
Lost your account and need a recovery but don't know how?
Inbox now for help and guide‚Ä¶ https://t.co/4qnjMM7uzM"
287,WebCannonüíªüì≤üì°üåç,2023-01-06 06:35:09+00:00,"Have exclusive Hacking jobs?
DM and Ask for my service.
#hacked #icloud #facebookdown #imessage #ransomware‚Ä¶ https://t.co/4H3OX8EWRa"
288,"National Cyber Security Ventures, Corp.",2023-01-06 06:33:48+00:00,Rackspace Ransomware Attack Caused Email Outages; Thousands of Customers Migrated to Cloud Services | #hacking |‚Ä¶ https://t.co/7yIw7Othdb
289,Ian Hoyle,2023-01-06 06:31:47+00:00,This new blog from Microsoft Security Threat Intelligence provides details from our analysis of known ransomware fa‚Ä¶ https://t.co/oQKHxWotj9
290,Hack with Martin,2023-01-06 06:31:04+00:00,"Inbox now for help and guide on how to recover lost accounts.
#hacked #icloud #facebookdown #imessage #ransomware‚Ä¶ https://t.co/iPaoHNSHm9"
291,Mike Izzo,2023-01-06 06:28:24+00:00,The¬†Hospital¬†for¬†Sick¬†Children in Toronto says most of its priority systems are back after a ransomware attack affe‚Ä¶ https://t.co/emn0n9aN1l
292,WEB_INSPECTüì≤üíªüì°üåé,2023-01-06 06:27:07+00:00,"Lost Email, Instagram and Twitter?
DM for quick recovery.
Available 24/7.
#gmailhack
#gmaildown #hacked #Hacking‚Ä¶ https://t.co/0UqApRG5Wt"
293,WEB_INSPECTüì≤üíªüì°üåé,2023-01-06 06:26:57+00:00,"Have exclusive Hacking jobs?
DM and Ask for my service.
#hacked #icloud #facebookdown #imessage #ransomware‚Ä¶ https://t.co/elyZ6zzIt6"
294,WEB_INSPECTüì≤üíªüì°üåé,2023-01-06 06:26:48+00:00,"Hacking is easy,
DM to Recover or Hack accounts and missing phones.
#gmailhack
#gmaildown #hacked #Hacking‚Ä¶ https://t.co/GPYpW0VPzl"
295,WEB_INSPECTüì≤üíªüì°üåé,2023-01-06 06:26:32+00:00,"Hacking attempts on your device?
DM now for risk free security solutions.
#hacked #icloud #facebookdown #imessage‚Ä¶ https://t.co/9FFVyLK6R8"
296,WEB_INSPECTüì≤üíªüì°üåé,2023-01-06 06:26:01+00:00,"Inbox now for all account recovery services,Lost or suspended,
Inbox now let's get it done.
#hacked #icloud‚Ä¶ https://t.co/BCKAUuyBig"
297,WEB_INSPECTüì≤üíªüì°üåé,2023-01-06 06:25:42+00:00,"Have a lost account you want to recover but don't know how?
Inbox now for guide on how to recover your account imme‚Ä¶ https://t.co/GTcpST9C49"
298,WEB_INSPECTüì≤üíªüì°üåé,2023-01-06 06:24:22+00:00,"Inbox Us, if you need our Hacking Services.
We are Available 24/7
Inbox and Smile Again
#Hacked #facebookdown‚Ä¶ https://t.co/QvcACUqzOc"
299,Michael Bui,2023-01-06 06:22:04+00:00,What Can K-12 Schools Do Against the Onslaught of Ransomware? https://t.co/iUQNOP1GJS https://t.co/zWKgMnJnKQ
300,WEB_INSPECTüì≤üíªüì°üåé,2023-01-06 06:20:12+00:00,"I'm available 24/7
Inbox me
#hacked #facebookdown #whatsapp #hackedinstagram #twitterdown #lockedaccount #metamask #ransomware"
301,WEB_INSPECTüì≤üíªüì°üåé,2023-01-06 06:19:43+00:00,"Offering the best recovery services.
All social media accounts hacking, Infiltration, and recovery.‚Ä¶ https://t.co/OiVuAKvXX8"
302,"National Cyber Security Ventures, Corp.",2023-01-06 06:18:40+00:00,"Cybersecurity burden falling ‚Äòon consumers,‚Äô not companies: CISA director | #hacking | #cybersecurity | #infosec |‚Ä¶ https://t.co/QJNv8wY25w"
303,FastFoodRembrandt.onion,2023-01-06 06:17:54+00:00,@BowTiedCyber When I was beefin with a ransomware operator and he hit me with a RAT bc I was talking shit and click‚Ä¶ https://t.co/sILyLKGDy5
304,Jerric Hack,2023-01-06 06:17:23+00:00,"DM and Ask for my servic.
#hacked #icloud #facebookdown #imessage #ransomware #snapchat #snapchatsupport‚Ä¶ https://t.co/LLqT8Pyehq"
305,WEB_INSPECTüì≤üíªüì°üåé,2023-01-06 06:17:04+00:00,"Need a hacker to do the job?
Lost your account and need a recovery but don't know how?
Inbox now for help and guide‚Ä¶ https://t.co/uAIEKhlzHY"
306,Jerric Hack,2023-01-06 06:16:57+00:00,"Have exclusive Hacking jobs?
DM and Ask for my service.
#hacked #icloud #facebookdown #imessage #ransomware‚Ä¶ https://t.co/3zmK5Cg78I"
307,ThreatMon,2023-01-06 06:16:55+00:00,"According to the #Darkweb #Forum and Ransomware activity detected by the ThreatMon Threat Intelligence team, a thre‚Ä¶ https://t.co/ssdc6KVOKF"
308,WEB_INSPECTüì≤üíªüì°üåé,2023-01-06 06:16:54+00:00,"Have exclusive Hacking jobs?
DM and Ask for my service.
#hacked #icloud #facebookdown #imessage #ransomware‚Ä¶ https://t.co/cHRvLseq64"
309,Jerric Hack,2023-01-06 06:15:51+00:00,"Do you have a dedicated hacking job?
 DM and ask for my services.
 #hacked #icloud #facebookdown #imessage‚Ä¶ https://t.co/7Lxo87Thk4"
310,Sam Nato,2023-01-06 06:15:46+00:00,"There was a time I trusted AVG Antivirus ü§¶üèæ‚Äç‚ôÇÔ∏è

Anyways, Windows defender and Malwarebyte are the best options agai‚Ä¶ https://t.co/7hHDF97K5E"
311,Kenya CyberSecurity & Forensics Association: KCSFA,2023-01-06 06:14:14+00:00,"Top Cyber Threats in 2023 in Kenya. Prepare accordingly:

1. Malicious insider threats
2. Cloud breaches
3. Human e‚Ä¶ https://t.co/097hYKRWji"
312,‚Ä¢hack360‚Ä¢,2023-01-06 06:12:44+00:00,"Is there any Hacking attempts on your device?
DM now for risk free security solutions.
#hacked #icloud‚Ä¶ https://t.co/bO9Y82kBwR"
313,Jerric Hack,2023-01-06 06:12:42+00:00,"Hacking is a lot easier when you connect with the right hacker.
 Get All Your Hacking Services Inbox Now
 I'm alway‚Ä¶ https://t.co/9a6Xgd95hT"
314,Calgary Herald,2023-01-06 06:11:57+00:00,Hospital for Sick Children in Toronto says most systems back after ransomware attack https://t.co/VLVJGmiUxR
315,Crypto News Updates,2023-01-06 06:11:17+00:00,BREAKING: Hackers demand Bitcoin from Romanian hospital hit by a ransomware attack
316,Ahmad Batebi,2023-01-06 06:11:15+00:00,Hospital for Sick Children in Toronto says most systems back after ransomware attack - Toronto |‚Ä¶ https://t.co/zjEXQWiHwj
317,PCrisk,2023-01-06 06:09:43+00:00,G-Stars Ransomware; Extension: .G-Stars (filenames are also appended with victim's ID); Ransom note: WE CAN RECOVER‚Ä¶ https://t.co/uFg7kaGLK4
318,BOOTSTRAP PARADOX,2023-01-06 06:09:14+00:00,"Helloüëá
Offering the best recovery services.
All social media accounts hacking, Infiltration, and recovery‚Ä¶ https://t.co/uuUAFs4mTQ"
319,Mrs. Y.,2023-01-06 06:08:14+00:00,SCMagazine: Avalon Healthcare settled with state regulators after its 2019 email hack due to failing to timely repo‚Ä¶ https://t.co/b2NRctCXiE
320,QuiteABitcoin,2023-01-06 06:08:04+00:00,Blaming #bitcoin for #ransomware attacks is like #blaming the #dollar when a #bank is #robbed.
321,BOOTSTRAP PARADOX,2023-01-06 06:08:00+00:00,"Have exclusive Hacking jobs?
DM and Ask for my service.
#hacked #icloud #facebookdown #imessage #ransomware‚Ä¶ https://t.co/9D7oov8Gw6"
322,BOOTSTRAP PARADOX,2023-01-06 06:07:29+00:00,"Have exclusive Hacking jobs?
DM and Ask for my service.
#hacked #icloud #facebookdown #imessage #ransomware‚Ä¶ https://t.co/SmTY1IXKav"
323,MATTHACKSüìµ,2023-01-06 06:07:23+00:00,"Is there any Hacking attempts on your device?
DM now for risk free security solutions.
#hacked #icloud‚Ä¶ https://t.co/crNWzMlQ42"
324,Jerric Hack,2023-01-06 06:07:22+00:00,"Instant Inbox for all lost or suspended account recovery services,
 Inbox Now let's get it done.
 #hacked #icloud‚Ä¶ https://t.co/yCmiZwRHFx"
325,Ami Rojkes Dombe,2023-01-06 06:06:32+00:00,Hacker Selling Data Allegedly Stolen From Volvo Cars Following Ransomware Attack | https://t.co/mStSMf8ZSG https://t.co/ksMA33Ezzo
326,HackWithCyberFiendüåçüñ•Ô∏èüì°,2023-01-06 06:05:20+00:00,"Inbox Us, if you need our Hacking Services.
We are Available 24/7
Inbox and Smile Again
#Hacked #facebookdown‚Ä¶ https://t.co/t4knkieSQP"
327,CORE.TEC,2023-01-06 06:05:03+00:00,"We have helped many people recover lost/hacked accounts, wallets, etc.
If you need our hacking services, please inb‚Ä¶ https://t.co/qcqOEr23wO"
328,Jerric Hack,2023-01-06 06:04:27+00:00,"Instant Inbox for all lost or suspended account recovery services,
 Inbox Now let's get it done.
 #hacked #icloud‚Ä¶ https://t.co/4kvUcdRWU3"
329,SC Media,2023-01-06 06:04:00+00:00,"Avalon Healthcare settled with state regulators after its 2019 email hack due to failing to timely report, while Sc‚Ä¶ https://t.co/UxTi99GoaC"
330,Jerric Hack,2023-01-06 06:03:55+00:00,"Instant Inbox for all lost or suspended account recovery services,
 Inbox Now let's get it done.
 #hacked #icloud‚Ä¶ https://t.co/qOFujw9ww6"
331,Smartcodetech,2023-01-06 06:03:49+00:00,"Have exclusive Hacking jobs?
DM and Ask for my service!!
#hacked #icloud #facebookdown #imessage #ransomware‚Ä¶ https://t.co/1sV8ELB1By"
332,HackWithCyberFiendüåçüñ•Ô∏èüì°,2023-01-06 06:03:05+00:00,"Have exclusive Hacking jobs?
DM and Ask for my service.
#hacked #icloud #facebookdown #imessage #ransomware‚Ä¶ https://t.co/9BQVLyp5K9"
333,HackWithCyberFiendüåçüñ•Ô∏èüì°,2023-01-06 06:02:41+00:00,"Inbox now for all account recovery services,Lost or suspended,
Inbox now let's get it done.
#hacked #icloud‚Ä¶ https://t.co/hKDlGL1adm"
334,Smartcodetech,2023-01-06 06:02:38+00:00,"Is mandatory password expiration helping or hurting your password security?
#DataSecurity #Privacy
#100DaysOfCode‚Ä¶ https://t.co/zGwHuRC6Ud"
335,Jerric Hack,2023-01-06 06:02:02+00:00,"Do you have a dedicated hacking job?
 DM and ask for my services.
 #hacked #icloud #facebookdown #imessage‚Ä¶ https://t.co/OqLSmLfKZh"
336,Hackathon Technology üíª,2023-01-06 06:02:01+00:00,"Is there any Hacking attempts on your device?
DM now for risk free security solutions.
#hacked #icloud‚Ä¶ https://t.co/14EnrvKbEc"
337,CindyHacksüë®üèª‚Äçüíª,2023-01-06 06:01:50+00:00,"Inbox now for all account recovery services,Lost or suspended,
Inbox now let's get it done.;
#hacked #icloud‚Ä¶ https://t.co/UKqo4otejX"
338,"National Cyber Security Ventures, Corp.",2023-01-06 06:01:42+00:00,Hackers Leverage Compromised Fortinet Devices to Distribute Ransomware | #hacking | #cybersecurity | #infosec |‚Ä¶ https://t.co/1j0WqHf8fE
339,Olivier Miossec |¬†Azure MVP,2023-01-06 06:01:13+00:00,Unraveling the techniques of Mac #ransomware https://t.co/DuqfTwIjqZ
340,Kevin L. Jackson,2023-01-06 06:00:32+00:00,"Remote work is permanent, but it increases the risk of ransomware attacks for businesses with hybrid workforces. Th‚Ä¶ https://t.co/rZs76sgQgO"
341,TracyXyberHacküåçüñ•Ô∏èüì°,2023-01-06 05:59:37+00:00,"Lost Email, Instagram and Twitter?
DM for quick recovery.
Available 24/7.
#gmailhack
#gmaildown #hacked #Hacking‚Ä¶ https://t.co/h88FwdxsTP"
342,TracyXyberHacküåçüñ•Ô∏èüì°,2023-01-06 05:59:19+00:00,Hacking attempts on your device? DM now for risk free security solutions. #hacked #icloud #facebookdown #imessage‚Ä¶ https://t.co/v4XqjbNn2w
343,CORE.TEC,2023-01-06 05:59:05+00:00,"Inbox now for help and guidance on how to recover a lost account.
#hacked #icloud #facebookdown #imessage‚Ä¶ https://t.co/TnFwZyKsrH"
344,CORE.TEC,2023-01-06 05:58:52+00:00,"Do you have a dedicated hacking job?
DM and request my services.
#hacked #icloud #facebookdown #imessage‚Ä¶ https://t.co/gMpfzkkXjm"
345,MAC~HACKS,2023-01-06 05:58:45+00:00,"Is there any Hacking attempts on your device?
DM now for risk free security solutions.
#hacked #icloud‚Ä¶ https://t.co/DXPmYIQZD0"
346,HackWithCyberFiendüåçüñ•Ô∏èüì°,2023-01-06 05:57:40+00:00,"Offering the best recovery services.
All social media accounts hacking, Infiltration,and recovery.
#hackedinstagram‚Ä¶ https://t.co/Zv1cWXjaI2"
347,Smartcodetech,2023-01-06 05:56:56+00:00,"Have exclusive Hacking jobs?
DM and Ask for my service!!
#hacked #icloud #facebookdown #imessage #ransomware‚Ä¶ https://t.co/ZmEMlDA72O"
348,Smartcodetech,2023-01-06 05:56:29+00:00,"strange ways emproyees can (accidently) expose data Ô£ø 
#DataSecurity #Privacy
#100DaysOfCode #CloudSecurity‚Ä¶ https://t.co/I4LbGgswTP"
349,Smartcodetech,2023-01-06 05:56:02+00:00,"Is there any Hacking attempts on your device?
DM now for risk free security solutions.
#hacked #icloud‚Ä¶ https://t.co/VnXAb51UN9"
350,HackWithCyberFiendüåçüñ•Ô∏èüì°,2023-01-06 05:54:46+00:00,"Have exclusive Hacking jobs?
DM and Ask for my service.
#hacked #icloud #facebookdown #imessage #ransomware‚Ä¶ https://t.co/Q0dVnAfYuu"
351,CindyHacksüë®üèª‚Äçüíª,2023-01-06 05:52:14+00:00,"You lost your account?
A good hacker is all you need.
DM now‚Ä¶.
#hacked #icloud #facebookdown #imessage #ransomware‚Ä¶ https://t.co/sU8wh4TxRn"
352,AlbertHacks,2023-01-06 05:52:11+00:00,"Is there any Hacking attempts on your device?
DM now for risk free security solutions.
#hacked #icloud‚Ä¶ https://t.co/ZpL1EBs2sO"
353,CindyHacksüë®üèª‚Äçüíª,2023-01-06 05:52:05+00:00,"Offering the best recovery services.
All social media accounts hacking, Infiltration and recovery..‚Ä¶ https://t.co/3ENry34jQl"
354,CindyHacksüë®üèª‚Äçüíª,2023-01-06 05:51:44+00:00,"Have exclusive Hacking jobs?
DM and Ask for my servic
#hacked #icloud #facebookdown #imessage #ransomware #snapchat‚Ä¶ https://t.co/YwftNCk0FP"
355,Smartcodetech,2023-01-06 05:51:39+00:00,"Is there any Hacking attempts on your device?
DM now for risk free security solutions.
#hacked #icloud‚Ä¶ https://t.co/xouqfPxSx7"
356,Smartcodetech,2023-01-06 05:51:27+00:00,"Is there any Hacking attempts on your device?
DM now for risk free security solutions.
#hacked #icloud‚Ä¶ https://t.co/2uNgZfsp37"
357,CindyHacksüë®üèª‚Äçüíª,2023-01-06 05:51:21+00:00,"Have exclusive Hacking jobs?
DM and Ask for my service‚Ä¶
#hacked #icloud #facebookdown #imessage #ransomware‚Ä¶ https://t.co/wGTAKS3RgU"
358,Dropsuite,2023-01-06 05:51:08+00:00,"If you need a reason to improve your #cybersecurity posture this year, take a look at these statistics from 2022 (a‚Ä¶ https://t.co/vB1DrjAy5j"
359,Dawood Sajjadi #OpIran,2023-01-06 05:50:59+00:00,"Another hit by #Lockbit gang in 2022.

US #rail and locomotive company #Wabtec has¬†confirmed¬†a ransomware attack at‚Ä¶ https://t.co/61UNZHJg4m"
360,Smartcodetech,2023-01-06 05:50:11+00:00,"Have exclusive Hacking jobs?
DM and Ask for my service!!
#hacked #icloud #facebookdown #imessage #ransomware‚Ä¶ https://t.co/GOA98yIE2A"
361,Smartcodetech,2023-01-06 05:48:10+00:00,"Is mandatory password expiration helping or hurting your password security?
#DataSecurity #Privacy
#100DaysOfCode‚Ä¶ https://t.co/VMlC7f1Smd"
362,FalconFeedsio,2023-01-06 05:46:47+00:00,"Previously, AT&amp;T was victim of Everest #Ransomware gang."
363,Patrick C Miller is on Mastodon,2023-01-06 05:45:00+00:00,Wabtec Says Personal Information Compromised in Ransomware Attack https://t.co/lmwnVyZk8R
364,Smartcodetech,2023-01-06 05:44:40+00:00,"Wondering how to #Recover, #hacked, retrieve, or protect any accounts or wallets DM now
#CyberSecurity #hacker‚Ä¶ https://t.co/ZbmFVXu3Ip"
365,Cryptocurrency news,2023-01-06 05:44:31+00:00,"A hospital in Romania was attacked by ransomware, the attackers demanded payment in cryptocurrency to decrypt its d‚Ä¶ https://t.co/ao1LaktAdd"
366,Smartcodetech,2023-01-06 05:43:52+00:00,"Have exclusive Hacking jobs?
DM and Ask for my service.
#hacked #icloud #facebookdown #imessage #ransomware‚Ä¶ https://t.co/yD0DraExLW"
367,Smartcodetech,2023-01-06 05:43:39+00:00,"Have exclusive Hacking jobs?
DM and Ask for my service.
#hacked #icloud #facebookdown
#imessage #ransomware‚Ä¶ https://t.co/wJABC8V246"
368,"National Cyber Security Ventures, Corp.",2023-01-06 05:43:27+00:00,The tech ecosystem has ‚Äòbecome really unsafe‚Äô | #hacking | #cybersecurity | #infosec | #comptia | #pentest |¬†‚Ä¶ https://t.co/ii3Kl2JyE1
369,Smartcodetech,2023-01-06 05:43:27+00:00,"Offering the best recovery services.
And media accounts hacking, Infiltration,
and recovery.
#hackedinstagram‚Ä¶ https://t.co/2BV6utJHSv"
370,Allaboutclait,2023-01-06 05:42:48+00:00,Bitdefender releases free MegaCortex ransomware decryptor https://t.co/WNmHCk9tTR #infosec #ransomware
371,BOOTSTRAP PARADOX,2023-01-06 05:42:33+00:00,"Inbox now for help and guide on how to recover lost accounts.
#hacked #icloud #facebookdown #imessage #ransomware‚Ä¶ https://t.co/sMIpEGMemW"
372,CindyHacksüë®üèª‚Äçüíª,2023-01-06 05:42:29+00:00,"Recover locked/lost accounts with ease,‚Ä¶
DM for all account retrievals.
#gmailhack #gmaildown #hacked #Hacking‚Ä¶ https://t.co/9xcu4mbQBx"
373,CindyHacksüë®üèª‚Äçüíª,2023-01-06 05:41:49+00:00,"Offering the best recovery services.
All social media accounts hacking, Infiltration, and recovery
#hackedinstagram‚Ä¶ https://t.co/AJiSbU7WFo"
374,Smartcodetech,2023-01-06 05:41:14+00:00,"Have exclusive Hacking jobs?
DM and Ask for my service.
#hacked #icloud #facebookdown #imessage #ransomware‚Ä¶ https://t.co/MvcD7jDxS0"
375,Smartcodetech,2023-01-06 05:41:01+00:00,"Offering the best recovery services.
And media accounts hacking, Infiltration, and recovery.
#hackedinstagram‚Ä¶ https://t.co/v42wDmgtmy"
376,Allaboutclait,2023-01-06 05:40:30+00:00,Rackspace: Customer email data accessed in ransomware attack https://t.co/80AVLb4X4T #infosec
377,Allaboutclait,2023-01-06 05:40:25+00:00,Rackspace: Customer email data accessed in ransomware attack https://t.co/80AVLb5uUr #infosec
378,Smartcodetech,2023-01-06 05:39:41+00:00,"l'm always available 24/7
#hacked #icloud #imessage #facebookdown #ransomware #snapchat #discord #havking‚Ä¶ https://t.co/6n94K0o4Dj"
379,Allaboutclait,2023-01-06 05:39:25+00:00,Rackspace blames ransomware woes on zero-day attack https://t.co/pnk9zAMzaz #infosec
380,Smartcodetech,2023-01-06 05:39:16+00:00,Dm for easy way to recover your lost logging details #email #passcode #walletphrase #recoveryphrase #facebook‚Ä¶ https://t.co/DJhdxyY8bo
381,CindyHacksüë®üèª‚Äçüíª,2023-01-06 05:38:56+00:00,"Recover locked/lost accounts with ease,
DM for all account retrievals.
#gmailhack #gmaildown #hacked #Hacking‚Ä¶ https://t.co/DmYeYSxZNQ"
382,TAB,2023-01-06 05:38:37+00:00,im having one hell of a time  on a day my stones are killing me.     stay safe check your emails for ransomware notifications
383,Smartcodetech,2023-01-06 05:36:25+00:00,"Have exclusive Hacking jobs?
DM and Ask for my service.
#hacked #icloud #facebookdown #imessage #ransomware‚Ä¶ https://t.co/OHq4HX6xGC"
384,TAB,2023-01-06 05:35:39+00:00,there's either going to be a ransomware attack   or they caught microsoft
385,Grepnetics,2023-01-06 05:32:41+00:00,"Is mandatory password expiration helping or hurting your password security?
#DataSecurity #Privacy
#100DaysOfCode‚Ä¶ https://t.co/QYfd0x7K1E"
